Percentile	0.0	25.0	50.0	75.0	100.0	0.0	25.0	50.0	75.0	100.0	0.0	25.0	50.0	75.0	100.0
Group	Kwashiorkor	Kwashiorkor	Kwashiorkor	Kwashiorkor	Kwashiorkor	Marasmus	Marasmus	Marasmus	Marasmus	Marasmus	Non-malnourished	Non-malnourished	Non-malnourished	Non-malnourished	Non-malnourished
k__Archaea;p__Euryarchaeota;c__Methanobacteria;o__Methanobacteriales;f__Methanobacteriaceae;g__Methanobrevibacter;s__	1.0	1.0	1.0	1.0	1.0	1.0	1.0	1.0	1.0	1.0	1.0	1.0	1.0	1.0	56.0
k__Bacteria;__;__;__;__;__;__	1.0	1.0	3.0	4.5	227.0	1.0	1.0	6.0	7.0	10.0	1.0	1.0	1.0	4.5	6.0
k__Bacteria;p__;c__;o__;f__;g__;s__	1.0	1.0	1.0	1.0	1.0	1.0	1.0	1.0	1.0	3.0	1.0	1.0	1.0	1.0	1.0
k__Bacteria;p__Acidobacteria;c__Acidobacteria-6;o__iii1-15;f__;g__;s__	1.0	1.0	1.0	1.0	3.0	1.0	1.0	1.0	1.0	1.0	1.0	1.0	1.0	1.0	1.0
k__Bacteria;p__Actinobacteria;c__Actinobacteria;__;__;__;__	1.0	1.0	1.0	1.0	3.0	1.0	1.0	1.0	1.0	1.0	1.0	1.0	1.0	1.0	1.0
k__Bacteria;p__Actinobacteria;c__Actinobacteria;o__Actinomycetales;f__Actinomycetaceae;g__Actinomyces;s__	1.0	1.0	1.0	5.5	127.0	1.0	1.0	1.0	1.0	7.0	1.0	1.0	1.0	1.0	58.0
k__Bacteria;p__Actinobacteria;c__Actinobacteria;o__Actinomycetales;f__Corynebacteriaceae;g__Corynebacterium;s__	1.0	1.0	1.0	1.0	12.0	1.0	1.0	1.0	1.0	1.0	1.0	1.0	1.0	1.0	88.0
k__Bacteria;p__Actinobacteria;c__Actinobacteria;o__Actinomycetales;f__Micrococcaceae;g__Rothia;s__aeria	1.0	1.0	1.0	1.0	1.0	1.0	1.0	1.0	1.0	6.0	1.0	1.0	1.0	1.0	1.0
k__Bacteria;p__Actinobacteria;c__Actinobacteria;o__Actinomycetales;f__Micrococcaceae;g__Rothia;s__mucilaginosa	1.0	1.0	1.0	25.5	61.0	1.0	1.0	1.0	17.0	50.0	1.0	1.0	1.0	26.0	55.0
k__Bacteria;p__Actinobacteria;c__Actinobacteria;o__Bifidobacteriales;f__Bifidobacteriaceae;__;__	1.0	1.0	1.0	1.0	1.0	1.0	1.0	1.0	1.0	1.0	1.0	1.0	1.0	1.0	9.0
k__Bacteria;p__Actinobacteria;c__Actinobacteria;o__Bifidobacteriales;f__Bifidobacteriaceae;g__Alloscardovia;s__	1.0	1.0	1.0	1.0	12.0	1.0	1.0	1.0	1.0	1.0	1.0	1.0	1.0	1.0	1.0
k__Bacteria;p__Actinobacteria;c__Actinobacteria;o__Bifidobacteriales;f__Bifidobacteriaceae;g__Bifidobacterium;__	1.0	1.0	1.0	1.0	7.0	1.0	1.0	1.0	1.0	5.0	1.0	1.0	1.0	1.0	1.0
k__Bacteria;p__Actinobacteria;c__Actinobacteria;o__Bifidobacteriales;f__Bifidobacteriaceae;g__Bifidobacterium;s__	1.0	1.0	1.0	11.5	107.0	1.0	1.0	1.0	94.0	1377.0	1.0	1.0	1.0	1.0	400.0
k__Bacteria;p__Actinobacteria;c__Actinobacteria;o__Bifidobacteriales;f__Bifidobacteriaceae;g__Bifidobacterium;s__adolescentis	1.0	1.0	1.0	1.0	134.0	1.0	1.0	1.0	1.0	1.0	1.0	1.0	1.0	1.0	34.0
k__Bacteria;p__Actinobacteria;c__Actinobacteria;o__Bifidobacteriales;f__Bifidobacteriaceae;g__Bifidobacterium;s__bifidum	1.0	1.0	1.0	1.0	66.0	1.0	1.0	1.0	1.0	110.0	1.0	1.0	1.0	1.0	104.0
k__Bacteria;p__Actinobacteria;c__Actinobacteria;o__Bifidobacteriales;f__Bifidobacteriaceae;g__Bifidobacterium;s__breve	1.0	1.0	1.0	1.0	74.0	1.0	1.0	1.0	25.0	122.0	1.0	1.0	1.0	3.25	57.0
k__Bacteria;p__Actinobacteria;c__Actinobacteria;o__Bifidobacteriales;f__Bifidobacteriaceae;g__Bifidobacterium;s__longum	1.0	1.0	1.0	1.0	137.0	1.0	1.0	1.0	55.0	2527.0	1.0	1.0	1.0	1.0	4472.0
k__Bacteria;p__Actinobacteria;c__Actinobacteria;o__Bifidobacteriales;f__Bifidobacteriaceae;g__Gardnerella;s__	1.0	1.0	1.0	1.0	1.0	1.0	1.0	1.0	1.0	1.0	1.0	1.0	1.0	1.0	5.0
k__Bacteria;p__Actinobacteria;c__Coriobacteriia;o__Coriobacteriales;f__Coriobacteriaceae;__;__	1.0	1.0	1.0	1.0	16.0	1.0	1.0	1.0	1.0	52.0	1.0	1.0	1.0	1.0	1.0
k__Bacteria;p__Actinobacteria;c__Coriobacteriia;o__Coriobacteriales;f__Coriobacteriaceae;g__;s__	1.0	1.0	1.0	16.0	87.0	1.0	1.0	1.0	9.0	69.0	1.0	3.25	20.5	79.5	204.0
k__Bacteria;p__Actinobacteria;c__Coriobacteriia;o__Coriobacteriales;f__Coriobacteriaceae;g__Atopobium;s__	1.0	1.0	1.0	1.0	14.0	1.0	1.0	1.0	1.0	24.0	1.0	1.0	1.0	1.0	28.0
k__Bacteria;p__Actinobacteria;c__Coriobacteriia;o__Coriobacteriales;f__Coriobacteriaceae;g__Atopobium;s__vaginae	1.0	1.0	1.0	1.0	1.0	1.0	1.0	1.0	1.0	1.0	1.0	1.0	1.0	1.0	10.0
k__Bacteria;p__Actinobacteria;c__Coriobacteriia;o__Coriobacteriales;f__Coriobacteriaceae;g__Collinsella;__	1.0	1.0	1.0	1.0	1.0	1.0	1.0	1.0	1.0	45.0	1.0	1.0	1.0	1.0	90.0
k__Bacteria;p__Actinobacteria;c__Coriobacteriia;o__Coriobacteriales;f__Coriobacteriaceae;g__Collinsella;s__	1.0	1.0	1.0	1.0	25.0	1.0	1.0	1.0	1.0	6.0	1.0	1.0	1.0	1.0	24.0
k__Bacteria;p__Actinobacteria;c__Coriobacteriia;o__Coriobacteriales;f__Coriobacteriaceae;g__Collinsella;s__aerofaciens	1.0	1.0	43.0	88.5	230.0	1.0	1.0	74.0	165.0	232.0	1.0	16.0	76.5	95.5	214.0
k__Bacteria;p__Actinobacteria;c__Coriobacteriia;o__Coriobacteriales;f__Coriobacteriaceae;g__Eggerthella;s__lenta	1.0	1.0	1.0	1.0	1.0	1.0	1.0	1.0	1.0	1.0	1.0	1.0	1.0	1.0	16.0
k__Bacteria;p__Actinobacteria;c__Coriobacteriia;o__Coriobacteriales;f__Coriobacteriaceae;g__Slackia;s__	1.0	1.0	1.0	1.0	15.0	1.0	1.0	1.0	1.0	11.0	1.0	1.0	1.0	1.0	18.0
k__Bacteria;p__Bacteroidetes;c__Bacteroidia;o__Bacteroidales;__;__;__	1.0	1.0	1.0	1.0	4.0	1.0	1.0	1.0	1.0	1.0	1.0	1.0	1.0	1.0	3.0
k__Bacteria;p__Bacteroidetes;c__Bacteroidia;o__Bacteroidales;f__;g__;s__	1.0	1.0	1.0	1.0	189.0	1.0	1.0	1.0	10.0	104.0	1.0	1.0	1.0	1.0	169.0
k__Bacteria;p__Bacteroidetes;c__Bacteroidia;o__Bacteroidales;f__Bacteroidaceae;__;__	1.0	1.0	1.0	1.0	92.0	1.0	1.0	1.0	1.0	64.0	1.0	1.0	1.0	29.75	116.0
k__Bacteria;p__Bacteroidetes;c__Bacteroidia;o__Bacteroidales;f__Bacteroidaceae;g__Bacteroides;__	1.0	1.0	1.0	1.0	53.0	1.0	1.0	1.0	1.0	5.0	1.0	1.0	1.0	1.0	110.0
k__Bacteria;p__Bacteroidetes;c__Bacteroidia;o__Bacteroidales;f__Bacteroidaceae;g__Bacteroides;s__	1.0	1.0	10.0	37.0	1495.0	1.0	1.0	1.0	1.0	132.0	1.0	1.0	11.5	102.5	411.0
k__Bacteria;p__Bacteroidetes;c__Bacteroidia;o__Bacteroidales;f__Bacteroidaceae;g__Bacteroides;s__caccae	1.0	1.0	1.0	1.0	62.0	1.0	1.0	1.0	1.0	1.0	1.0	1.0	1.0	1.0	1.0
k__Bacteria;p__Bacteroidetes;c__Bacteroidia;o__Bacteroidales;f__Bacteroidaceae;g__Bacteroides;s__fragilis	1.0	1.0	1.0	58.0	341.0	1.0	1.0	1.0	6.0	498.0	1.0	1.0	1.0	22.75	65.0
k__Bacteria;p__Bacteroidetes;c__Bacteroidia;o__Bacteroidales;f__Bacteroidaceae;g__Bacteroides;s__ovatus	1.0	1.0	1.0	1.0	90.0	1.0	1.0	1.0	1.0	58.0	1.0	1.0	1.0	1.0	35.0
k__Bacteria;p__Bacteroidetes;c__Bacteroidia;o__Bacteroidales;f__Bacteroidaceae;g__Bacteroides;s__uniformis	1.0	1.0	1.0	28.5	89.0	1.0	1.0	1.0	5.0	72.0	1.0	1.0	1.0	1.0	54.0
k__Bacteria;p__Bacteroidetes;c__Bacteroidia;o__Bacteroidales;f__Porphyromonadaceae;g__Parabacteroides;s__	1.0	1.0	1.0	18.0	120.0	1.0	1.0	1.0	1.0	1.0	1.0	1.0	1.0	25.5	204.0
k__Bacteria;p__Bacteroidetes;c__Bacteroidia;o__Bacteroidales;f__Porphyromonadaceae;g__Parabacteroides;s__distasonis	1.0	1.0	1.0	7.0	37.0	1.0	1.0	1.0	1.0	101.0	1.0	1.0	1.0	63.0	217.0
k__Bacteria;p__Bacteroidetes;c__Bacteroidia;o__Bacteroidales;f__Porphyromonadaceae;g__Porphyromonas;s__	1.0	1.0	1.0	3.0	65.0	1.0	1.0	1.0	1.0	3.0	1.0	1.0	1.0	1.0	6.0
k__Bacteria;p__Bacteroidetes;c__Bacteroidia;o__Bacteroidales;f__Porphyromonadaceae;g__Porphyromonas;s__endodontalis	1.0	1.0	1.0	1.0	16.0	1.0	1.0	1.0	1.0	32.0	1.0	1.0	1.0	1.0	1.0
k__Bacteria;p__Bacteroidetes;c__Bacteroidia;o__Bacteroidales;f__Porphyromonadaceae;g__Tannerella;s__	1.0	1.0	1.0	1.0	6.0	1.0	1.0	1.0	1.0	1.0	1.0	1.0	1.0	1.0	1.0
k__Bacteria;p__Bacteroidetes;c__Bacteroidia;o__Bacteroidales;f__Prevotellaceae;g__;s__	1.0	1.0	1.0	1.0	1.0	1.0	1.0	1.0	1.0	1.0	1.0	1.0	1.0	1.0	3.0
k__Bacteria;p__Bacteroidetes;c__Bacteroidia;o__Bacteroidales;f__Prevotellaceae;g__Prevotella;__	1.0	1.0	1.0	4.5	92.0	1.0	1.0	1.0	4.0	39.0	1.0	1.0	1.0	4.0	72.0
k__Bacteria;p__Bacteroidetes;c__Bacteroidia;o__Bacteroidales;f__Prevotellaceae;g__Prevotella;s__	1.0	75.5	119.0	209.5	533.0	1.0	1.0	1.0	185.0	350.0	1.0	1.0	11.0	107.75	249.0
k__Bacteria;p__Bacteroidetes;c__Bacteroidia;o__Bacteroidales;f__Prevotellaceae;g__Prevotella;s__copri	1.0	28.0	171.0	449.0	652.0	1.0	1.0	180.0	364.0	654.0	1.0	7.0	152.0	512.5	2208.0
k__Bacteria;p__Bacteroidetes;c__Bacteroidia;o__Bacteroidales;f__Prevotellaceae;g__Prevotella;s__intermedia	1.0	1.0	1.0	3.0	38.0	1.0	1.0	1.0	1.0	20.0	1.0	1.0	1.0	1.0	1.0
k__Bacteria;p__Bacteroidetes;c__Bacteroidia;o__Bacteroidales;f__Prevotellaceae;g__Prevotella;s__melaninogenica	1.0	1.0	1.0	118.0	314.0	1.0	1.0	1.0	1.0	30.0	1.0	1.0	1.0	1.0	58.0
k__Bacteria;p__Bacteroidetes;c__Bacteroidia;o__Bacteroidales;f__Prevotellaceae;g__Prevotella;s__nanceiensis	1.0	1.0	1.0	1.0	77.0	1.0	1.0	1.0	1.0	9.0	1.0	1.0	1.0	1.0	1.0
k__Bacteria;p__Bacteroidetes;c__Bacteroidia;o__Bacteroidales;f__Prevotellaceae;g__Prevotella;s__nigrescens	1.0	1.0	1.0	1.0	31.0	1.0	1.0	1.0	1.0	1.0	1.0	1.0	1.0	1.0	1.0
k__Bacteria;p__Bacteroidetes;c__Bacteroidia;o__Bacteroidales;f__Prevotellaceae;g__Prevotella;s__pallens	1.0	1.0	1.0	12.0	128.0	1.0	1.0	1.0	1.0	7.0	1.0	1.0	1.0	1.0	1.0
k__Bacteria;p__Bacteroidetes;c__Bacteroidia;o__Bacteroidales;f__Prevotellaceae;g__Prevotella;s__stercorea	1.0	1.0	170.0	266.0	464.0	1.0	1.0	1.0	343.0	507.0	1.0	1.0	164.0	253.25	381.0
k__Bacteria;p__Bacteroidetes;c__Bacteroidia;o__Bacteroidales;f__Rikenellaceae;__;__	1.0	1.0	1.0	1.0	1.0	1.0	1.0	1.0	1.0	1.0	1.0	1.0	1.0	1.0	3.0
k__Bacteria;p__Bacteroidetes;c__Bacteroidia;o__Bacteroidales;f__Rikenellaceae;g__;s__	1.0	1.0	1.0	1.0	68.0	1.0	1.0	1.0	1.0	15.0	1.0	1.0	1.0	6.25	74.0
k__Bacteria;p__Bacteroidetes;c__Bacteroidia;o__Bacteroidales;f__Rikenellaceae;g__Alistipes;s__finegoldii	1.0	1.0	1.0	1.0	45.0	1.0	1.0	1.0	1.0	1.0	1.0	1.0	1.0	1.0	62.0
k__Bacteria;p__Bacteroidetes;c__Bacteroidia;o__Bacteroidales;f__Rikenellaceae;g__Alistipes;s__indistinctus	1.0	1.0	1.0	1.0	1.0	1.0	1.0	1.0	1.0	1.0	1.0	1.0	1.0	1.0	6.0
k__Bacteria;p__Bacteroidetes;c__Bacteroidia;o__Bacteroidales;f__Rikenellaceae;g__Alistipes;s__putredinis	1.0	1.0	1.0	1.0	1.0	1.0	1.0	1.0	1.0	1.0	1.0	1.0	1.0	1.0	35.0
k__Bacteria;p__Bacteroidetes;c__Bacteroidia;o__Bacteroidales;f__S24-7;g__;s__	1.0	1.0	1.0	24.5	133.0	1.0	1.0	1.0	1.0	94.0	1.0	1.0	5.0	65.75	157.0
k__Bacteria;p__Bacteroidetes;c__Bacteroidia;o__Bacteroidales;f__[Odoribacteraceae];g__Butyricimonas;s__	1.0	1.0	1.0	1.0	65.0	1.0	1.0	1.0	1.0	57.0	1.0	1.0	1.0	1.0	1.0
k__Bacteria;p__Bacteroidetes;c__Bacteroidia;o__Bacteroidales;f__[Odoribacteraceae];g__Odoribacter;s__	1.0	1.0	1.0	2.0	61.0	1.0	1.0	1.0	1.0	17.0	1.0	1.0	1.0	43.25	103.0
k__Bacteria;p__Bacteroidetes;c__Bacteroidia;o__Bacteroidales;f__[Paraprevotellaceae];g__;s__	1.0	1.0	1.0	1.0	48.0	1.0	1.0	1.0	1.0	1.0	1.0	1.0	1.0	1.0	1.0
k__Bacteria;p__Bacteroidetes;c__Bacteroidia;o__Bacteroidales;f__[Paraprevotellaceae];g__CF231;s__	1.0	1.0	1.0	1.0	67.0	1.0	1.0	1.0	1.0	44.0	1.0	1.0	1.0	1.0	54.0
k__Bacteria;p__Bacteroidetes;c__Bacteroidia;o__Bacteroidales;f__[Paraprevotellaceae];g__[Prevotella];s__	1.0	45.5	86.0	236.5	607.0	1.0	1.0	1.0	164.0	347.0	1.0	1.0	82.0	272.25	972.0
k__Bacteria;p__Bacteroidetes;c__Bacteroidia;o__Bacteroidales;f__[Paraprevotellaceae];g__[Prevotella];s__tannerae	1.0	1.0	1.0	1.0	54.0	1.0	1.0	1.0	1.0	10.0	1.0	1.0	1.0	1.0	1.0
k__Bacteria;p__Bacteroidetes;c__Flavobacteriia;o__Flavobacteriales;f__Flavobacteriaceae;g__Capnocytophaga;s__	1.0	1.0	1.0	1.0	12.0	1.0	1.0	1.0	1.0	1.0	1.0	1.0	1.0	1.0	1.0
k__Bacteria;p__Bacteroidetes;c__Flavobacteriia;o__Flavobacteriales;f__[Weeksellaceae];g__;s__	1.0	1.0	1.0	1.0	8.0	1.0	1.0	1.0	1.0	1.0	1.0	1.0	1.0	1.0	9.0
k__Bacteria;p__Cyanobacteria;c__4C0d-2;o__YS2;f__;g__;s__	1.0	1.0	1.0	1.0	89.0	1.0	1.0	1.0	1.0	7.0	1.0	1.0	1.0	1.0	97.0
k__Bacteria;p__Cyanobacteria;c__Chloroplast;o__Streptophyta;f__;g__;s__	1.0	1.0	1.0	1.0	59.0	1.0	1.0	1.0	1.0	31.0	1.0	1.0	1.0	1.0	1.0
k__Bacteria;p__Firmicutes;__;__;__;__;__	1.0	1.0	1.0	1.0	3.0	1.0	1.0	1.0	1.0	5.0	1.0	1.0	1.0	1.0	4.0
k__Bacteria;p__Firmicutes;c__Bacilli;__;__;__;__	1.0	1.0	1.0	1.0	1.0	1.0	1.0	1.0	1.0	1.0	1.0	1.0	1.0	1.0	3.0
k__Bacteria;p__Firmicutes;c__Bacilli;o__Bacillales;f__Bacillaceae;g__Bacillus;__	1.0	1.0	1.0	1.0	10.0	1.0	1.0	1.0	1.0	9.0	1.0	1.0	1.0	1.0	1.0
k__Bacteria;p__Firmicutes;c__Bacilli;o__Bacillales;f__Bacillaceae;g__Bacillus;s__	1.0	1.0	1.0	1.0	5.0	1.0	1.0	1.0	1.0	1.0	1.0	1.0	1.0	1.0	1.0
k__Bacteria;p__Firmicutes;c__Bacilli;o__Bacillales;f__Staphylococcaceae;g__Staphylococcus;__	1.0	1.0	1.0	1.0	4.0	1.0	1.0	1.0	1.0	5.0	1.0	1.0	1.0	1.0	979.0
k__Bacteria;p__Firmicutes;c__Bacilli;o__Gemellales;f__Gemellaceae;__;__	1.0	1.0	1.0	13.0	103.0	1.0	1.0	1.0	9.0	29.0	1.0	1.0	1.0	1.0	41.0
k__Bacteria;p__Firmicutes;c__Bacilli;o__Gemellales;f__Gemellaceae;g__;s__	1.0	1.0	1.0	1.0	22.0	1.0	1.0	1.0	1.0	7.0	1.0	1.0	1.0	1.0	7.0
k__Bacteria;p__Firmicutes;c__Bacilli;o__Lactobacillales;__;__;__	1.0	1.0	1.0	1.0	22.0	1.0	1.0	1.0	1.0	4.0	1.0	1.0	1.0	1.0	21.0
k__Bacteria;p__Firmicutes;c__Bacilli;o__Lactobacillales;f__;g__;s__	1.0	1.0	1.0	1.0	1.0	1.0	1.0	1.0	1.0	2.0	1.0	1.0	1.0	1.0	1.0
k__Bacteria;p__Firmicutes;c__Bacilli;o__Lactobacillales;f__Aerococcaceae;g__Alloiococcus;s__	1.0	1.0	1.0	1.0	1.0	1.0	1.0	1.0	1.0	1.0	1.0	1.0	1.0	1.0	26.0
k__Bacteria;p__Firmicutes;c__Bacilli;o__Lactobacillales;f__Carnobacteriaceae;__;__	1.0	1.0	1.0	1.0	1.0	1.0	1.0	1.0	1.0	1.0	1.0	1.0	1.0	1.0	14.0
k__Bacteria;p__Firmicutes;c__Bacilli;o__Lactobacillales;f__Carnobacteriaceae;g__Granulicatella;s__	1.0	1.0	1.0	24.5	59.0	1.0	1.0	1.0	7.0	15.0	1.0	1.0	1.0	1.0	42.0
k__Bacteria;p__Firmicutes;c__Bacilli;o__Lactobacillales;f__Enterococcaceae;__;__	1.0	1.0	1.0	1.0	1.0	1.0	1.0	1.0	1.0	1.0	1.0	1.0	1.0	1.0	5.0
k__Bacteria;p__Firmicutes;c__Bacilli;o__Lactobacillales;f__Enterococcaceae;g__Enterococcus;s__	1.0	1.0	1.0	1.0	107.0	1.0	1.0	1.0	1.0	113.0	1.0	1.0	1.0	6.25	111.0
k__Bacteria;p__Firmicutes;c__Bacilli;o__Lactobacillales;f__Enterococcaceae;g__Enterococcus;s__casseliflavus	1.0	1.0	1.0	1.0	132.0	1.0	1.0	1.0	1.0	1.0	1.0	1.0	1.0	1.0	1.0
k__Bacteria;p__Firmicutes;c__Bacilli;o__Lactobacillales;f__Enterococcaceae;g__Enterococcus;s__cecorum	1.0	1.0	1.0	1.0	86.0	1.0	1.0	1.0	1.0	1.0	1.0	1.0	1.0	1.0	1.0
k__Bacteria;p__Firmicutes;c__Bacilli;o__Lactobacillales;f__Enterococcaceae;g__Vagococcus;s__	1.0	1.0	1.0	1.0	26.0	1.0	1.0	1.0	1.0	1.0	1.0	1.0	1.0	1.0	1.0
k__Bacteria;p__Firmicutes;c__Bacilli;o__Lactobacillales;f__Lactobacillaceae;g__Lactobacillus;__	1.0	1.0	1.0	2.0	32.0	1.0	1.0	1.0	16.0	188.0	1.0	1.0	1.0	11.5	79.0
k__Bacteria;p__Firmicutes;c__Bacilli;o__Lactobacillales;f__Lactobacillaceae;g__Lactobacillus;s__	1.0	9.5	40.0	101.5	496.0	1.0	1.0	64.0	400.0	6501.0	1.0	1.0	12.0	158.75	1272.0
k__Bacteria;p__Firmicutes;c__Bacilli;o__Lactobacillales;f__Lactobacillaceae;g__Lactobacillus;s__agilis	1.0	1.0	1.0	3.0	87.0	1.0	1.0	1.0	1.0	107.0	1.0	1.0	1.0	1.0	29.0
k__Bacteria;p__Firmicutes;c__Bacilli;o__Lactobacillales;f__Lactobacillaceae;g__Lactobacillus;s__delbrueckii	1.0	1.0	1.0	1.0	1153.0	1.0	1.0	9.0	46.0	625.0	1.0	1.0	1.0	22.75	313.0
k__Bacteria;p__Firmicutes;c__Bacilli;o__Lactobacillales;f__Lactobacillaceae;g__Lactobacillus;s__helveticus	1.0	1.0	1.0	1.0	1.0	1.0	1.0	1.0	1.0	7.0	1.0	1.0	1.0	1.0	56.0
k__Bacteria;p__Firmicutes;c__Bacilli;o__Lactobacillales;f__Lactobacillaceae;g__Lactobacillus;s__mucosae	1.0	1.0	1.0	1.0	1.0	1.0	1.0	1.0	1.0	212.0	1.0	1.0	1.0	1.0	99.0
k__Bacteria;p__Firmicutes;c__Bacilli;o__Lactobacillales;f__Lactobacillaceae;g__Lactobacillus;s__pontis	1.0	1.0	1.0	1.0	9.0	1.0	1.0	1.0	1.0	1.0	1.0	1.0	1.0	1.0	120.0
k__Bacteria;p__Firmicutes;c__Bacilli;o__Lactobacillales;f__Lactobacillaceae;g__Lactobacillus;s__reuteri	1.0	1.0	1.0	1.0	1.0	1.0	1.0	1.0	1.0	65.0	1.0	1.0	1.0	1.0	52.0
k__Bacteria;p__Firmicutes;c__Bacilli;o__Lactobacillales;f__Lactobacillaceae;g__Lactobacillus;s__ruminis	1.0	1.0	1.0	67.5	113.0	1.0	1.0	1.0	130.0	620.0	1.0	1.0	13.0	71.5	466.0
k__Bacteria;p__Firmicutes;c__Bacilli;o__Lactobacillales;f__Lactobacillaceae;g__Lactobacillus;s__salivarius	1.0	1.0	1.0	1.0	86.0	1.0	1.0	1.0	10.0	166.0	1.0	1.0	1.0	1.0	364.0
k__Bacteria;p__Firmicutes;c__Bacilli;o__Lactobacillales;f__Lactobacillaceae;g__Pediococcus;s__	1.0	1.0	1.0	1.0	1.0	1.0	1.0	1.0	1.0	30.0	1.0	1.0	1.0	1.0	105.0
k__Bacteria;p__Firmicutes;c__Bacilli;o__Lactobacillales;f__Leuconostocaceae;__;__	1.0	1.0	1.0	1.0	4.0	1.0	1.0	1.0	1.0	10.0	1.0	1.0	1.0	1.0	4.0
k__Bacteria;p__Firmicutes;c__Bacilli;o__Lactobacillales;f__Leuconostocaceae;g__Leuconostoc;s__	1.0	1.0	1.0	1.0	140.0	1.0	1.0	1.0	1.0	1.0	1.0	1.0	1.0	1.0	68.0
k__Bacteria;p__Firmicutes;c__Bacilli;o__Lactobacillales;f__Leuconostocaceae;g__Weissella;__	1.0	1.0	1.0	70.0	1572.0	1.0	1.0	19.0	122.0	612.0	1.0	1.0	20.5	110.25	1490.0
k__Bacteria;p__Firmicutes;c__Bacilli;o__Lactobacillales;f__Streptococcaceae;g__Lactococcus;s__	1.0	1.0	1.0	1.0	3.0	1.0	1.0	1.0	1.0	1.0	1.0	1.0	1.0	1.0	118.0
k__Bacteria;p__Firmicutes;c__Bacilli;o__Lactobacillales;f__Streptococcaceae;g__Lactococcus;s__garvieae	1.0	1.0	1.0	1.0	1.0	1.0	1.0	1.0	1.0	10.0	1.0	1.0	1.0	1.0	1.0
k__Bacteria;p__Firmicutes;c__Bacilli;o__Lactobacillales;f__Streptococcaceae;g__Streptococcus;__	1.0	1.0	4.0	54.5	110.0	1.0	1.0	1.0	9.0	69.0	1.0	1.0	1.0	27.25	68.0
k__Bacteria;p__Firmicutes;c__Bacilli;o__Lactobacillales;f__Streptococcaceae;g__Streptococcus;s__	1.0	60.5	168.0	299.5	712.0	1.0	3.0	63.0	96.0	1632.0	1.0	10.75	61.0	135.75	1514.0
k__Bacteria;p__Firmicutes;c__Bacilli;o__Lactobacillales;f__Streptococcaceae;g__Streptococcus;s__alactolyticus	1.0	1.0	1.0	1.0	41.0	1.0	1.0	1.0	1.0	12.0	1.0	1.0	1.0	1.0	1.0
k__Bacteria;p__Firmicutes;c__Bacilli;o__Lactobacillales;f__Streptococcaceae;g__Streptococcus;s__anginosus	1.0	1.0	1.0	1.0	109.0	1.0	1.0	1.0	1.0	1.0	1.0	1.0	1.0	1.0	1.0
k__Bacteria;p__Firmicutes;c__Bacilli;o__Lactobacillales;f__Streptococcaceae;g__Streptococcus;s__luteciae	1.0	1.0	1.0	94.5	206.0	1.0	1.0	36.0	167.0	1769.0	1.0	20.25	74.5	138.0	1470.0
k__Bacteria;p__Firmicutes;c__Bacilli;o__Lactobacillales;f__Streptococcaceae;g__Streptococcus;s__sobrinus	1.0	1.0	1.0	1.0	45.0	1.0	1.0	1.0	1.0	1.0	1.0	1.0	1.0	1.0	1.0
k__Bacteria;p__Firmicutes;c__Bacilli;o__Turicibacterales;f__Turicibacteraceae;g__Turicibacter;s__	1.0	1.0	1.0	1.0	1.0	1.0	1.0	1.0	1.0	1.0	1.0	1.0	1.0	1.0	8.0
k__Bacteria;p__Firmicutes;c__Clostridia;o__Clostridiales;__;__;__	1.0	1.0	1.0	7.5	218.0	1.0	1.0	1.0	5.0	211.0	1.0	2.75	42.5	101.75	220.0
k__Bacteria;p__Firmicutes;c__Clostridia;o__Clostridiales;f__;g__;s__	1.0	1.0	1.0	4.0	154.0	1.0	1.0	1.0	16.0	33.0	1.0	1.0	9.0	38.25	146.0
k__Bacteria;p__Firmicutes;c__Clostridia;o__Clostridiales;f__Christensenellaceae;g__;s__	1.0	1.0	1.0	1.0	1.0	1.0	1.0	1.0	1.0	18.0	1.0	1.0	1.0	14.5	42.0
k__Bacteria;p__Firmicutes;c__Clostridia;o__Clostridiales;f__Clostridiaceae;__;__	1.0	1.0	1.0	1.0	5.0	1.0	1.0	1.0	1.0	1.0	1.0	1.0	1.0	1.0	3.0
k__Bacteria;p__Firmicutes;c__Clostridia;o__Clostridiales;f__Clostridiaceae;g__;s__	1.0	1.0	1.0	1.0	1.0	1.0	1.0	1.0	1.0	1.0	1.0	1.0	1.0	1.0	63.0
k__Bacteria;p__Firmicutes;c__Clostridia;o__Clostridiales;f__Clostridiaceae;g__Clostridium;__	1.0	1.0	1.0	1.0	9.0	1.0	1.0	1.0	1.0	9.0	1.0	1.0	1.0	1.0	1.0
k__Bacteria;p__Firmicutes;c__Clostridia;o__Clostridiales;f__Clostridiaceae;g__Clostridium;s__	1.0	1.0	1.0	1.0	29.0	1.0	1.0	1.0	1.0	7.0	1.0	1.0	1.0	1.0	13.0
k__Bacteria;p__Firmicutes;c__Clostridia;o__Clostridiales;f__Clostridiaceae;g__Clostridium;s__celatum	1.0	1.0	1.0	1.0	76.0	1.0	1.0	1.0	1.0	1.0	1.0	1.0	1.0	1.0	1.0
k__Bacteria;p__Firmicutes;c__Clostridia;o__Clostridiales;f__Clostridiaceae;g__Clostridium;s__neonatale	1.0	1.0	1.0	1.0	1.0	1.0	1.0	1.0	1.0	62.0	1.0	1.0	1.0	1.0	1.0
k__Bacteria;p__Firmicutes;c__Clostridia;o__Clostridiales;f__Clostridiaceae;g__Clostridium;s__paraputrificum	1.0	1.0	1.0	1.0	1.0	1.0	1.0	1.0	1.0	1.0	1.0	1.0	1.0	1.0	84.0
k__Bacteria;p__Firmicutes;c__Clostridia;o__Clostridiales;f__Clostridiaceae;g__Clostridium;s__perfringens	1.0	1.0	1.0	1.0	46.0	1.0	1.0	1.0	1.0	1.0	1.0	1.0	1.0	1.0	74.0
k__Bacteria;p__Firmicutes;c__Clostridia;o__Clostridiales;f__Clostridiaceae;g__SMB53;s__	1.0	1.0	1.0	1.0	1.0	1.0	1.0	1.0	1.0	1.0	1.0	1.0	1.0	1.0	54.0
k__Bacteria;p__Firmicutes;c__Clostridia;o__Clostridiales;f__Clostridiaceae;g__Sarcina;s__	1.0	1.0	1.0	1.0	1.0	1.0	1.0	1.0	1.0	1.0	1.0	1.0	1.0	1.0	28.0
k__Bacteria;p__Firmicutes;c__Clostridia;o__Clostridiales;f__Lachnospiraceae;__;__	1.0	1.0	17.0	34.0	470.0	1.0	1.0	81.0	124.0	402.0	1.0	1.0	237.5	326.5	501.0
k__Bacteria;p__Firmicutes;c__Clostridia;o__Clostridiales;f__Lachnospiraceae;g__;s__	1.0	1.0	1.0	46.5	143.0	1.0	1.0	1.0	90.0	405.0	1.0	1.0	45.5	107.5	221.0
k__Bacteria;p__Firmicutes;c__Clostridia;o__Clostridiales;f__Lachnospiraceae;g__Blautia;s__	1.0	1.0	1.0	75.0	293.0	1.0	1.0	1.0	99.0	193.0	1.0	1.0	74.5	178.25	224.0
k__Bacteria;p__Firmicutes;c__Clostridia;o__Clostridiales;f__Lachnospiraceae;g__Blautia;s__obeum	1.0	1.0	1.0	1.0	27.0	1.0	1.0	1.0	1.0	25.0	1.0	1.0	1.0	32.25	46.0
k__Bacteria;p__Firmicutes;c__Clostridia;o__Clostridiales;f__Lachnospiraceae;g__Blautia;s__producta	1.0	1.0	1.0	1.0	9.0	1.0	1.0	1.0	1.0	1.0	1.0	1.0	1.0	1.0	28.0
k__Bacteria;p__Firmicutes;c__Clostridia;o__Clostridiales;f__Lachnospiraceae;g__Butyrivibrio;s__crossotus	1.0	1.0	1.0	1.0	1.0	1.0	1.0	1.0	1.0	1.0	1.0	1.0	1.0	1.0	35.0
k__Bacteria;p__Firmicutes;c__Clostridia;o__Clostridiales;f__Lachnospiraceae;g__Clostridium;__	1.0	1.0	1.0	1.0	1.0	1.0	1.0	1.0	1.0	19.0	1.0	1.0	1.0	1.0	1.0
k__Bacteria;p__Firmicutes;c__Clostridia;o__Clostridiales;f__Lachnospiraceae;g__Clostridium;s__colinum	1.0	1.0	1.0	1.0	5.0	1.0	1.0	1.0	1.0	25.0	1.0	1.0	1.0	1.0	1.0
k__Bacteria;p__Firmicutes;c__Clostridia;o__Clostridiales;f__Lachnospiraceae;g__Coprococcus;s__	1.0	1.0	1.0	27.0	200.0	1.0	1.0	1.0	22.0	154.0	1.0	1.0	41.0	148.5	206.0
k__Bacteria;p__Firmicutes;c__Clostridia;o__Clostridiales;f__Lachnospiraceae;g__Coprococcus;s__catus	1.0	1.0	1.0	1.0	60.0	1.0	1.0	1.0	1.0	24.0	1.0	1.0	7.0	47.5	87.0
k__Bacteria;p__Firmicutes;c__Clostridia;o__Clostridiales;f__Lachnospiraceae;g__Coprococcus;s__eutactus	1.0	1.0	1.0	1.0	18.0	1.0	1.0	1.0	1.0	1.0	1.0	1.0	1.0	1.0	7.0
k__Bacteria;p__Firmicutes;c__Clostridia;o__Clostridiales;f__Lachnospiraceae;g__Dorea;__	1.0	1.0	1.0	1.0	1.0	1.0	1.0	1.0	1.0	1.0	1.0	1.0	1.0	1.0	6.0
k__Bacteria;p__Firmicutes;c__Clostridia;o__Clostridiales;f__Lachnospiraceae;g__Dorea;s__	1.0	1.0	1.0	1.0	46.0	1.0	1.0	1.0	42.0	194.0	1.0	1.0	31.0	66.75	166.0
k__Bacteria;p__Firmicutes;c__Clostridia;o__Clostridiales;f__Lachnospiraceae;g__Dorea;s__formicigenerans	1.0	1.0	1.0	27.0	96.0	1.0	1.0	6.0	74.0	125.0	1.0	1.0	1.0	1.0	83.0
k__Bacteria;p__Firmicutes;c__Clostridia;o__Clostridiales;f__Lachnospiraceae;g__Dorea;s__longicatena	1.0	1.0	1.0	51.0	108.0	1.0	1.0	1.0	76.0	119.0	1.0	1.0	25.5	94.0	163.0
k__Bacteria;p__Firmicutes;c__Clostridia;o__Clostridiales;f__Lachnospiraceae;g__Lachnoanaerobaculum;s__orale	1.0	1.0	1.0	1.0	10.0	1.0	1.0	1.0	1.0	1.0	1.0	1.0	1.0	1.0	7.0
k__Bacteria;p__Firmicutes;c__Clostridia;o__Clostridiales;f__Lachnospiraceae;g__Lachnospira;s__	1.0	1.0	1.0	29.5	158.0	1.0	1.0	1.0	1.0	116.0	1.0	1.0	1.0	15.25	247.0
k__Bacteria;p__Firmicutes;c__Clostridia;o__Clostridiales;f__Lachnospiraceae;g__Oribacterium;s__	1.0	1.0	1.0	1.0	71.0	1.0	1.0	1.0	1.0	41.0	1.0	1.0	1.0	1.0	22.0
k__Bacteria;p__Firmicutes;c__Clostridia;o__Clostridiales;f__Lachnospiraceae;g__Roseburia;__	1.0	1.0	1.0	99.0	483.0	1.0	1.0	58.0	117.0	324.0	1.0	1.0	45.0	128.75	484.0
k__Bacteria;p__Firmicutes;c__Clostridia;o__Clostridiales;f__Lachnospiraceae;g__Roseburia;s__	1.0	1.0	1.0	5.5	94.0	1.0	1.0	1.0	1.0	29.0	1.0	1.0	1.0	1.0	23.0
k__Bacteria;p__Firmicutes;c__Clostridia;o__Clostridiales;f__Lachnospiraceae;g__Roseburia;s__faecis	1.0	1.0	1.0	1.0	1.0	1.0	1.0	1.0	1.0	1.0	1.0	1.0	1.0	1.0	64.0
k__Bacteria;p__Firmicutes;c__Clostridia;o__Clostridiales;f__Lachnospiraceae;g__Roseburia;s__inulinivorans	1.0	1.0	1.0	1.0	1.0	1.0	1.0	1.0	1.0	1.0	1.0	1.0	1.0	1.0	3.0
k__Bacteria;p__Firmicutes;c__Clostridia;o__Clostridiales;f__Lachnospiraceae;g__[Ruminococcus];s__	1.0	1.0	3.0	74.0	155.0	1.0	1.0	1.0	207.0	253.0	1.0	1.0	40.0	113.75	288.0
k__Bacteria;p__Firmicutes;c__Clostridia;o__Clostridiales;f__Lachnospiraceae;g__[Ruminococcus];s__gnavus	1.0	1.0	1.0	32.0	130.0	1.0	1.0	1.0	4.0	42.0	1.0	1.0	1.0	2.5	134.0
k__Bacteria;p__Firmicutes;c__Clostridia;o__Clostridiales;f__Peptococcaceae;g__;s__	1.0	1.0	1.0	1.0	5.0	1.0	1.0	1.0	1.0	1.0	1.0	1.0	1.0	1.0	6.0
k__Bacteria;p__Firmicutes;c__Clostridia;o__Clostridiales;f__Peptococcaceae;g__Peptococcus;s__	1.0	1.0	1.0	1.0	1.0	1.0	1.0	1.0	1.0	1.0	1.0	1.0	1.0	1.0	26.0
k__Bacteria;p__Firmicutes;c__Clostridia;o__Clostridiales;f__Peptostreptococcaceae;__;__	1.0	1.0	1.0	1.0	1.0	1.0	1.0	1.0	1.0	15.0	1.0	1.0	1.0	1.0	38.0
k__Bacteria;p__Firmicutes;c__Clostridia;o__Clostridiales;f__Peptostreptococcaceae;g__Peptostreptococcus;s__	1.0	1.0	1.0	4.5	148.0	1.0	1.0	1.0	1.0	14.0	1.0	1.0	1.0	1.0	9.0
k__Bacteria;p__Firmicutes;c__Clostridia;o__Clostridiales;f__Peptostreptococcaceae;g__Peptostreptococcus;s__anaerobius	1.0	1.0	1.0	1.0	73.0	1.0	1.0	1.0	1.0	16.0	1.0	1.0	1.0	1.0	1.0
k__Bacteria;p__Firmicutes;c__Clostridia;o__Clostridiales;f__Peptostreptococcaceae;g__[Clostridium];s__bifermentans	1.0	1.0	1.0	1.0	1.0	1.0	1.0	1.0	1.0	1.0	1.0	1.0	1.0	1.0	84.0
k__Bacteria;p__Firmicutes;c__Clostridia;o__Clostridiales;f__Ruminococcaceae;__;__	1.0	1.0	1.0	21.5	360.0	1.0	1.0	1.0	17.0	243.0	1.0	1.75	34.5	94.25	419.0
k__Bacteria;p__Firmicutes;c__Clostridia;o__Clostridiales;f__Ruminococcaceae;g__;s__	1.0	1.0	1.0	3.5	278.0	1.0	1.0	1.0	1.0	65.0	1.0	1.0	35.0	110.25	276.0
k__Bacteria;p__Firmicutes;c__Clostridia;o__Clostridiales;f__Ruminococcaceae;g__Anaerotruncus;s__	1.0	1.0	1.0	1.0	7.0	1.0	1.0	1.0	1.0	1.0	1.0	1.0	1.0	1.0	1.0
k__Bacteria;p__Firmicutes;c__Clostridia;o__Clostridiales;f__Ruminococcaceae;g__Butyricicoccus;s__pullicaecorum	1.0	1.0	1.0	13.0	72.0	1.0	1.0	1.0	1.0	156.0	1.0	1.0	1.0	26.0	51.0
k__Bacteria;p__Firmicutes;c__Clostridia;o__Clostridiales;f__Ruminococcaceae;g__Faecalibacterium;__	1.0	1.0	1.0	1.0	1.0	1.0	1.0	1.0	1.0	4.0	1.0	1.0	1.0	1.0	9.0
k__Bacteria;p__Firmicutes;c__Clostridia;o__Clostridiales;f__Ruminococcaceae;g__Faecalibacterium;s__	1.0	1.0	1.0	1.0	1.0	1.0	1.0	1.0	1.0	3.0	1.0	1.0	1.0	1.0	1.0
k__Bacteria;p__Firmicutes;c__Clostridia;o__Clostridiales;f__Ruminococcaceae;g__Faecalibacterium;s__prausnitzii	1.0	77.0	133.0	219.0	3805.0	1.0	1.0	81.0	252.0	1469.0	1.0	38.5	153.5	454.75	949.0
k__Bacteria;p__Firmicutes;c__Clostridia;o__Clostridiales;f__Ruminococcaceae;g__Gemmiger;s__formicilis	1.0	1.0	1.0	54.5	130.0	1.0	1.0	1.0	36.0	207.0	1.0	1.0	40.5	111.0	366.0
k__Bacteria;p__Firmicutes;c__Clostridia;o__Clostridiales;f__Ruminococcaceae;g__Oscillospira;s__	1.0	1.0	7.0	50.5	479.0	1.0	1.0	1.0	33.0	304.0	1.0	3.5	84.5	217.0	474.0
k__Bacteria;p__Firmicutes;c__Clostridia;o__Clostridiales;f__Ruminococcaceae;g__Ruminococcus;__	1.0	1.0	1.0	1.0	36.0	1.0	1.0	1.0	1.0	1.0	1.0	1.0	1.0	1.0	51.0
k__Bacteria;p__Firmicutes;c__Clostridia;o__Clostridiales;f__Ruminococcaceae;g__Ruminococcus;s__	1.0	1.0	1.0	1.0	15.0	1.0	1.0	1.0	1.0	29.0	1.0	1.0	1.0	1.0	36.0
k__Bacteria;p__Firmicutes;c__Clostridia;o__Clostridiales;f__Ruminococcaceae;g__Ruminococcus;s__albus	1.0	1.0	1.0	1.0	1.0	1.0	1.0	1.0	1.0	1.0	1.0	1.0	1.0	1.0	19.0
k__Bacteria;p__Firmicutes;c__Clostridia;o__Clostridiales;f__Ruminococcaceae;g__Ruminococcus;s__bromii	1.0	1.0	1.0	1.0	58.0	1.0	1.0	1.0	1.0	1.0	1.0	1.0	1.0	1.0	82.0
k__Bacteria;p__Firmicutes;c__Clostridia;o__Clostridiales;f__Ruminococcaceae;g__Ruminococcus;s__callidus	1.0	1.0	1.0	1.0	20.0	1.0	1.0	1.0	1.0	20.0	1.0	1.0	1.0	1.0	73.0
k__Bacteria;p__Firmicutes;c__Clostridia;o__Clostridiales;f__Veillonellaceae;__;__	1.0	1.0	1.0	1.0	6.0	1.0	1.0	1.0	1.0	7.0	1.0	1.0	1.0	1.0	1.0
k__Bacteria;p__Firmicutes;c__Clostridia;o__Clostridiales;f__Veillonellaceae;g__;s__	1.0	1.0	1.0	1.0	4.0	1.0	1.0	1.0	1.0	4.0	1.0	1.0	1.0	1.0	3.0
k__Bacteria;p__Firmicutes;c__Clostridia;o__Clostridiales;f__Veillonellaceae;g__Anaerovibrio;s__	1.0	1.0	1.0	2.5	148.0	1.0	1.0	1.0	108.0	685.0	1.0	1.0	1.0	1.0	234.0
k__Bacteria;p__Firmicutes;c__Clostridia;o__Clostridiales;f__Veillonellaceae;g__Dialister;s__	1.0	5.5	81.0	122.5	203.0	1.0	1.0	1.0	68.0	867.0	1.0	1.0	61.0	147.0	415.0
k__Bacteria;p__Firmicutes;c__Clostridia;o__Clostridiales;f__Veillonellaceae;g__Megamonas;s__	1.0	1.0	1.0	1.0	81.0	1.0	1.0	1.0	1.0	3.0	1.0	1.0	1.0	1.0	224.0
k__Bacteria;p__Firmicutes;c__Clostridia;o__Clostridiales;f__Veillonellaceae;g__Megasphaera;s__	1.0	1.0	72.0	129.0	374.0	1.0	1.0	1.0	51.0	608.0	1.0	1.0	1.0	1.0	437.0
k__Bacteria;p__Firmicutes;c__Clostridia;o__Clostridiales;f__Veillonellaceae;g__Mitsuokella;__	1.0	1.0	1.0	12.0	169.0	1.0	1.0	1.0	1.0	95.0	1.0	1.0	1.0	1.0	29.0
k__Bacteria;p__Firmicutes;c__Clostridia;o__Clostridiales;f__Veillonellaceae;g__Phascolarctobacterium;s__	1.0	1.0	1.0	5.0	165.0	1.0	1.0	1.0	75.0	217.0	1.0	1.0	1.0	109.25	568.0
k__Bacteria;p__Firmicutes;c__Clostridia;o__Clostridiales;f__Veillonellaceae;g__Selenomonas;s__	1.0	1.0	1.0	1.0	19.0	1.0	1.0	1.0	1.0	1.0	1.0	1.0	1.0	1.0	3.0
k__Bacteria;p__Firmicutes;c__Clostridia;o__Clostridiales;f__Veillonellaceae;g__Veillonella;__	1.0	1.0	1.0	19.5	50.0	1.0	1.0	1.0	1.0	32.0	1.0	1.0	1.0	1.0	3.0
k__Bacteria;p__Firmicutes;c__Clostridia;o__Clostridiales;f__Veillonellaceae;g__Veillonella;s__	1.0	1.0	1.0	33.0	121.0	1.0	1.0	1.0	1.0	47.0	1.0	1.0	1.0	1.0	21.0
k__Bacteria;p__Firmicutes;c__Clostridia;o__Clostridiales;f__Veillonellaceae;g__Veillonella;s__dispar	1.0	88.0	168.0	360.0	1720.0	1.0	16.0	72.0	121.0	183.0	1.0	5.75	121.0	195.75	261.0
k__Bacteria;p__Firmicutes;c__Clostridia;o__Clostridiales;f__Veillonellaceae;g__Veillonella;s__parvula	1.0	1.0	1.0	1.0	107.0	1.0	1.0	1.0	1.0	1.0	1.0	1.0	1.0	1.0	1.0
k__Bacteria;p__Firmicutes;c__Clostridia;o__Clostridiales;f__[Mogibacteriaceae];__;__	1.0	1.0	1.0	1.0	1.0	1.0	1.0	1.0	1.0	1.0	1.0	1.0	1.0	1.0	3.0
k__Bacteria;p__Firmicutes;c__Clostridia;o__Clostridiales;f__[Mogibacteriaceae];g__;s__	1.0	1.0	1.0	3.5	24.0	1.0	1.0	1.0	1.0	64.0	1.0	1.0	5.0	25.25	46.0
k__Bacteria;p__Firmicutes;c__Clostridia;o__Clostridiales;f__[Mogibacteriaceae];g__Mogibacterium;s__	1.0	1.0	1.0	1.0	1.0	1.0	1.0	1.0	1.0	10.0	1.0	1.0	1.0	1.0	22.0
k__Bacteria;p__Firmicutes;c__Clostridia;o__Clostridiales;f__[Tissierellaceae];g__Anaerococcus;s__	1.0	1.0	1.0	1.0	12.0	1.0	1.0	1.0	1.0	1.0	1.0	1.0	1.0	1.0	6.0
k__Bacteria;p__Firmicutes;c__Clostridia;o__Clostridiales;f__[Tissierellaceae];g__Parvimonas;s__	1.0	1.0	1.0	1.0	62.0	1.0	1.0	1.0	1.0	8.0	1.0	1.0	1.0	1.0	24.0
k__Bacteria;p__Firmicutes;c__Clostridia;o__Clostridiales;f__[Tissierellaceae];g__Peptoniphilus;s__	1.0	1.0	1.0	1.0	1.0	1.0	1.0	1.0	1.0	1.0	1.0	1.0	1.0	1.0	3.0
k__Bacteria;p__Firmicutes;c__Clostridia;o__Clostridiales;f__[Tissierellaceae];g__WAL_1855D;s__	1.0	1.0	1.0	1.0	5.0	1.0	1.0	1.0	1.0	1.0	1.0	1.0	1.0	1.0	1.0
k__Bacteria;p__Firmicutes;c__Erysipelotrichi;o__Erysipelotrichales;f__Erysipelotrichaceae;__;__	1.0	1.0	1.0	1.0	6.0	1.0	1.0	1.0	1.0	5.0	1.0	1.0	1.0	1.0	4.0
k__Bacteria;p__Firmicutes;c__Erysipelotrichi;o__Erysipelotrichales;f__Erysipelotrichaceae;g__;s__	1.0	1.0	1.0	4.5	133.0	1.0	1.0	1.0	1.0	150.0	1.0	1.0	12.0	77.25	171.0
k__Bacteria;p__Firmicutes;c__Erysipelotrichi;o__Erysipelotrichales;f__Erysipelotrichaceae;g__Bulleidia;s__	1.0	1.0	1.0	1.0	1.0	1.0	1.0	1.0	1.0	1.0	1.0	1.0	1.0	1.0	43.0
k__Bacteria;p__Firmicutes;c__Erysipelotrichi;o__Erysipelotrichales;f__Erysipelotrichaceae;g__Bulleidia;s__moorei	1.0	1.0	1.0	1.0	22.0	1.0	1.0	1.0	1.0	4.0	1.0	1.0	1.0	1.0	15.0
k__Bacteria;p__Firmicutes;c__Erysipelotrichi;o__Erysipelotrichales;f__Erysipelotrichaceae;g__Bulleidia;s__p-1630-c5	1.0	1.0	1.0	1.0	79.0	1.0	1.0	1.0	1.0	83.0	1.0	1.0	1.0	1.0	64.0
k__Bacteria;p__Firmicutes;c__Erysipelotrichi;o__Erysipelotrichales;f__Erysipelotrichaceae;g__Catenibacterium;s__	1.0	1.0	1.0	1.0	92.0	1.0	1.0	1.0	1.0	94.0	1.0	1.0	1.0	6.75	103.0
k__Bacteria;p__Firmicutes;c__Erysipelotrichi;o__Erysipelotrichales;f__Erysipelotrichaceae;g__Clostridium;s__ramosum	1.0	1.0	1.0	7.0	77.0	1.0	1.0	1.0	1.0	1.0	1.0	1.0	1.0	1.0	9.0
k__Bacteria;p__Firmicutes;c__Erysipelotrichi;o__Erysipelotrichales;f__Erysipelotrichaceae;g__RFN20;s__	1.0	1.0	1.0	1.0	37.0	1.0	1.0	1.0	1.0	1.0	1.0	1.0	1.0	1.0	7.0
k__Bacteria;p__Firmicutes;c__Erysipelotrichi;o__Erysipelotrichales;f__Erysipelotrichaceae;g__[Eubacterium];s__	1.0	1.0	1.0	1.0	3.0	1.0	1.0	1.0	1.0	1.0	1.0	1.0	1.0	1.0	1.0
k__Bacteria;p__Firmicutes;c__Erysipelotrichi;o__Erysipelotrichales;f__Erysipelotrichaceae;g__[Eubacterium];s__biforme	1.0	1.0	1.0	31.5	118.0	1.0	1.0	1.0	1.0	129.0	1.0	1.0	1.0	89.0	224.0
k__Bacteria;p__Firmicutes;c__Erysipelotrichi;o__Erysipelotrichales;f__Erysipelotrichaceae;g__[Eubacterium];s__dolichum	1.0	1.0	1.0	1.0	3.0	1.0	1.0	1.0	1.0	1.0	1.0	1.0	1.0	1.0	1.0
k__Bacteria;p__Firmicutes;c__Erysipelotrichi;o__Erysipelotrichales;f__Erysipelotrichaceae;g__p-75-a5;s__	1.0	1.0	1.0	1.0	17.0	1.0	1.0	1.0	1.0	1.0	1.0	1.0	1.0	1.0	85.0
k__Bacteria;p__Fusobacteria;c__Fusobacteriia;o__Fusobacteriales;f__Fusobacteriaceae;__;__	1.0	1.0	1.0	1.0	21.0	1.0	1.0	1.0	1.0	4.0	1.0	1.0	1.0	1.0	1.0
k__Bacteria;p__Fusobacteria;c__Fusobacteriia;o__Fusobacteriales;f__Fusobacteriaceae;g__;s__	1.0	1.0	1.0	99.0	240.0	1.0	1.0	1.0	66.0	584.0	1.0	1.0	1.0	1.0	228.0
k__Bacteria;p__Fusobacteria;c__Fusobacteriia;o__Fusobacteriales;f__Fusobacteriaceae;g__Cetobacterium;s__somerae	1.0	1.0	1.0	1.0	13.0	1.0	1.0	1.0	1.0	1.0	1.0	1.0	1.0	1.0	1.0
k__Bacteria;p__Fusobacteria;c__Fusobacteriia;o__Fusobacteriales;f__Fusobacteriaceae;g__Fusobacterium;s__	1.0	1.0	1.0	58.5	166.0	1.0	1.0	1.0	5.0	84.0	1.0	1.0	1.0	1.0	80.0
k__Bacteria;p__Fusobacteria;c__Fusobacteriia;o__Fusobacteriales;f__Leptotrichiaceae;g__;s__	1.0	1.0	1.0	1.0	27.0	1.0	1.0	1.0	1.0	1.0	1.0	1.0	1.0	1.0	1.0
k__Bacteria;p__Fusobacteria;c__Fusobacteriia;o__Fusobacteriales;f__Leptotrichiaceae;g__Leptotrichia;s__	1.0	1.0	1.0	9.5	80.0	1.0	1.0	1.0	1.0	15.0	1.0	1.0	1.0	1.0	52.0
k__Bacteria;p__Fusobacteria;c__Fusobacteriia;o__Fusobacteriales;f__Leptotrichiaceae;g__Sneathia;s__	1.0	1.0	1.0	1.0	1.0	1.0	1.0	1.0	1.0	1.0	1.0	1.0	1.0	1.0	27.0
k__Bacteria;p__Lentisphaerae;c__[Lentisphaeria];o__Victivallales;f__Victivallaceae;g__;s__	1.0	1.0	1.0	1.0	5.0	1.0	1.0	1.0	1.0	1.0	1.0	1.0	1.0	1.0	1.0
k__Bacteria;p__Lentisphaerae;c__[Lentisphaeria];o__Victivallales;f__Victivallaceae;g__Victivallis;s__vadensis	1.0	1.0	1.0	1.0	6.0	1.0	1.0	1.0	1.0	1.0	1.0	1.0	1.0	1.0	1.0
k__Bacteria;p__OD1;c__;o__;f__;g__;s__	1.0	1.0	1.0	1.0	1.0	1.0	1.0	1.0	1.0	3.0	1.0	1.0	1.0	1.0	4.0
k__Bacteria;p__Proteobacteria;__;__;__;__;__	1.0	1.0	1.0	1.0	1.0	1.0	1.0	1.0	1.0	6.0	1.0	1.0	1.0	1.0	1.0
k__Bacteria;p__Proteobacteria;c__Alphaproteobacteria;o__RF32;f__;g__;s__	1.0	1.0	1.0	1.0	38.0	1.0	1.0	1.0	1.0	15.0	1.0	1.0	1.0	1.0	9.0
k__Bacteria;p__Proteobacteria;c__Alphaproteobacteria;o__Rhizobiales;f__Aurantimonadaceae;g__;s__	1.0	1.0	1.0	1.0	3.0	1.0	1.0	1.0	1.0	1.0	1.0	1.0	1.0	1.0	1.0
k__Bacteria;p__Proteobacteria;c__Alphaproteobacteria;o__Rhodobacterales;f__Rhodobacteraceae;g__Paracoccus;s__	1.0	1.0	1.0	1.0	1.0	1.0	1.0	1.0	1.0	3.0	1.0	1.0	1.0	1.0	1.0
k__Bacteria;p__Proteobacteria;c__Alphaproteobacteria;o__Rhodospirillales;f__Acetobacteraceae;g__Acetobacter;s__	1.0	1.0	1.0	1.0	1.0	1.0	1.0	1.0	1.0	1.0	1.0	1.0	1.0	1.0	4.0
k__Bacteria;p__Proteobacteria;c__Alphaproteobacteria;o__Rickettsiales;f__;g__;s__	1.0	1.0	1.0	1.0	1.0	1.0	1.0	1.0	1.0	55.0	1.0	1.0	1.0	1.0	4.0
k__Bacteria;p__Proteobacteria;c__Alphaproteobacteria;o__Rickettsiales;f__mitochondria;__;__	1.0	1.0	1.0	1.0	20.0	1.0	1.0	1.0	1.0	1.0	1.0	1.0	1.0	1.0	1.0
k__Bacteria;p__Proteobacteria;c__Betaproteobacteria;o__Burkholderiales;__;__;__	1.0	1.0	1.0	1.0	1.0	1.0	1.0	1.0	1.0	7.0	1.0	1.0	1.0	1.0	101.0
k__Bacteria;p__Proteobacteria;c__Betaproteobacteria;o__Burkholderiales;f__Alcaligenaceae;g__Sutterella;s__	1.0	1.0	16.0	83.5	152.0	1.0	1.0	24.0	68.0	123.0	1.0	1.0	10.0	44.75	130.0
k__Bacteria;p__Proteobacteria;c__Betaproteobacteria;o__Burkholderiales;f__Burkholderiaceae;g__Lautropia;s__	1.0	1.0	1.0	1.0	4.0	1.0	1.0	1.0	1.0	35.0	1.0	1.0	1.0	1.0	1.0
k__Bacteria;p__Proteobacteria;c__Betaproteobacteria;o__Burkholderiales;f__Comamonadaceae;__;__	1.0	1.0	1.0	1.0	8.0	1.0	1.0	1.0	1.0	1.0	1.0	1.0	1.0	1.0	1.0
k__Bacteria;p__Proteobacteria;c__Betaproteobacteria;o__Burkholderiales;f__Comamonadaceae;g__;s__	1.0	1.0	1.0	1.0	1.0	1.0	1.0	1.0	1.0	10.0	1.0	1.0	1.0	1.0	1.0
k__Bacteria;p__Proteobacteria;c__Betaproteobacteria;o__Burkholderiales;f__Comamonadaceae;g__Comamonas;s__	1.0	1.0	1.0	62.5	135.0	1.0	1.0	1.0	1.0	1.0	1.0	1.0	1.0	1.0	1.0
k__Bacteria;p__Proteobacteria;c__Betaproteobacteria;o__Burkholderiales;f__Oxalobacteraceae;g__Oxalobacter;s__formigenes	1.0	1.0	1.0	1.0	39.0	1.0	1.0	1.0	1.0	1.0	1.0	1.0	1.0	1.0	15.0
k__Bacteria;p__Proteobacteria;c__Betaproteobacteria;o__Neisseriales;f__Neisseriaceae;__;__	1.0	1.0	1.0	1.0	5.0	1.0	1.0	1.0	1.0	1.0	1.0	1.0	1.0	1.0	1.0
k__Bacteria;p__Proteobacteria;c__Betaproteobacteria;o__Neisseriales;f__Neisseriaceae;g__Eikenella;s__	1.0	1.0	1.0	1.0	22.0	1.0	1.0	1.0	1.0	1.0	1.0	1.0	1.0	1.0	1.0
k__Bacteria;p__Proteobacteria;c__Betaproteobacteria;o__Neisseriales;f__Neisseriaceae;g__Neisseria;__	1.0	1.0	1.0	1.0	79.0	1.0	1.0	1.0	1.0	57.0	1.0	1.0	1.0	1.0	18.0
k__Bacteria;p__Proteobacteria;c__Betaproteobacteria;o__Neisseriales;f__Neisseriaceae;g__Neisseria;s__	1.0	1.0	1.0	1.0	75.0	1.0	1.0	1.0	1.0	16.0	1.0	1.0	1.0	1.0	1.0
k__Bacteria;p__Proteobacteria;c__Betaproteobacteria;o__Neisseriales;f__Neisseriaceae;g__Neisseria;s__oralis	1.0	1.0	1.0	1.0	1.0	1.0	1.0	1.0	1.0	1.0	1.0	1.0	1.0	1.0	15.0
k__Bacteria;p__Proteobacteria;c__Betaproteobacteria;o__Neisseriales;f__Neisseriaceae;g__Neisseria;s__subflava	1.0	1.0	1.0	1.0	36.0	1.0	1.0	1.0	1.0	1.0	1.0	1.0	1.0	1.0	1.0
k__Bacteria;p__Proteobacteria;c__Deltaproteobacteria;o__Desulfovibrionales;f__Desulfovibrionaceae;g__;s__	1.0	1.0	1.0	1.0	9.0	1.0	1.0	1.0	1.0	94.0	1.0	1.0	1.0	1.0	4.0
k__Bacteria;p__Proteobacteria;c__Deltaproteobacteria;o__Desulfovibrionales;f__Desulfovibrionaceae;g__Bilophila;s__	1.0	1.0	1.0	1.0	1.0	1.0	1.0	1.0	1.0	26.0	1.0	1.0	1.0	4.0	14.0
k__Bacteria;p__Proteobacteria;c__Deltaproteobacteria;o__Desulfovibrionales;f__Desulfovibrionaceae;g__Desulfovibrio;s__	1.0	1.0	1.0	1.0	10.0	1.0	1.0	1.0	1.0	78.0	1.0	1.0	1.0	1.0	69.0
k__Bacteria;p__Proteobacteria;c__Deltaproteobacteria;o__Desulfovibrionales;f__Desulfovibrionaceae;g__Lawsonia;s__intracellularis	1.0	1.0	1.0	1.0	1.0	1.0	1.0	1.0	1.0	1.0	1.0	1.0	1.0	1.0	125.0
k__Bacteria;p__Proteobacteria;c__Epsilonproteobacteria;o__Campylobacterales;f__Campylobacteraceae;g__Campylobacter;__	1.0	1.0	1.0	1.0	3.0	1.0	1.0	1.0	1.0	1.0	1.0	1.0	1.0	1.0	1.0
k__Bacteria;p__Proteobacteria;c__Epsilonproteobacteria;o__Campylobacterales;f__Campylobacteraceae;g__Campylobacter;s__	1.0	28.5	87.0	131.5	378.0	1.0	1.0	44.0	223.0	823.0	1.0	1.0	21.0	83.75	260.0
k__Bacteria;p__Proteobacteria;c__Epsilonproteobacteria;o__Campylobacterales;f__Helicobacteraceae;g__Flexispira;s__	1.0	1.0	1.0	4.0	80.0	1.0	1.0	1.0	1.0	222.0	1.0	1.0	1.0	1.0	1.0
k__Bacteria;p__Proteobacteria;c__Epsilonproteobacteria;o__Campylobacterales;f__Helicobacteraceae;g__Helicobacter;s__	1.0	1.0	1.0	1.0	84.0	1.0	1.0	1.0	1.0	1.0	1.0	1.0	1.0	1.0	11.0
k__Bacteria;p__Proteobacteria;c__Epsilonproteobacteria;o__Campylobacterales;f__Helicobacteraceae;g__Helicobacter;s__equorum	1.0	1.0	1.0	1.0	1.0	1.0	1.0	1.0	1.0	15.0	1.0	1.0	1.0	1.0	1.0
k__Bacteria;p__Proteobacteria;c__Epsilonproteobacteria;o__Campylobacterales;f__Helicobacteraceae;g__Helicobacter;s__rodentium	1.0	1.0	1.0	1.0	44.0	1.0	1.0	1.0	1.0	34.0	1.0	1.0	1.0	1.0	8.0
k__Bacteria;p__Proteobacteria;c__Gammaproteobacteria;o__Aeromonadales;f__Aeromonadaceae;__;__	1.0	1.0	1.0	1.0	87.0	1.0	1.0	1.0	1.0	8.0	1.0	1.0	1.0	1.0	1.0
k__Bacteria;p__Proteobacteria;c__Gammaproteobacteria;o__Aeromonadales;f__Aeromonadaceae;g__Aeromonas;__	1.0	1.0	1.0	1.0	26.0	1.0	1.0	1.0	1.0	46.0	1.0	1.0	1.0	1.0	1.0
k__Bacteria;p__Proteobacteria;c__Gammaproteobacteria;o__Aeromonadales;f__Aeromonadaceae;g__Aeromonas;s__sharmana	1.0	1.0	1.0	1.0	35.0	1.0	1.0	1.0	1.0	1.0	1.0	1.0	1.0	1.0	1.0
k__Bacteria;p__Proteobacteria;c__Gammaproteobacteria;o__Aeromonadales;f__Succinivibrionaceae;g__Ruminobacter;s__	1.0	1.0	1.0	1.0	1.0	1.0	1.0	1.0	1.0	1.0	1.0	1.0	1.0	1.0	3.0
k__Bacteria;p__Proteobacteria;c__Gammaproteobacteria;o__Aeromonadales;f__Succinivibrionaceae;g__Succinivibrio;s__	1.0	1.0	1.0	44.0	155.0	1.0	1.0	1.0	1.0	1112.0	1.0	1.0	1.0	1.0	358.0
k__Bacteria;p__Proteobacteria;c__Gammaproteobacteria;o__Enterobacteriales;f__Enterobacteriaceae;__;__	128.0	551.0	1021.0	2233.0	20295.0	1.0	109.0	1478.0	2027.0	5228.0	11.0	83.75	352.0	1065.75	4298.0
k__Bacteria;p__Proteobacteria;c__Gammaproteobacteria;o__Enterobacteriales;f__Enterobacteriaceae;g__Klebsiella;__	1.0	1.0	4.0	57.5	153.0	1.0	1.0	1.0	1.0	50.0	1.0	1.0	1.0	1.0	48.0
k__Bacteria;p__Proteobacteria;c__Gammaproteobacteria;o__Enterobacteriales;f__Enterobacteriaceae;g__Morganella;__	1.0	1.0	1.0	1.0	19.0	1.0	1.0	1.0	1.0	1.0	1.0	1.0	1.0	1.0	1.0
k__Bacteria;p__Proteobacteria;c__Gammaproteobacteria;o__Enterobacteriales;f__Enterobacteriaceae;g__Morganella;s__morganii	1.0	1.0	1.0	1.0	87.0	1.0	1.0	1.0	1.0	21.0	1.0	1.0	1.0	1.0	72.0
k__Bacteria;p__Proteobacteria;c__Gammaproteobacteria;o__Enterobacteriales;f__Enterobacteriaceae;g__Proteus;s__	1.0	1.0	1.0	1.0	51.0	1.0	1.0	1.0	1.0	23.0	1.0	1.0	1.0	1.0	1.0
k__Bacteria;p__Proteobacteria;c__Gammaproteobacteria;o__Enterobacteriales;f__Enterobacteriaceae;g__Providencia;s__	1.0	1.0	1.0	1.0	1.0	1.0	1.0	1.0	1.0	41.0	1.0	1.0	1.0	1.0	1.0
k__Bacteria;p__Proteobacteria;c__Gammaproteobacteria;o__Enterobacteriales;f__Enterobacteriaceae;g__Providencia;s__stuartii	1.0	1.0	1.0	1.0	23.0	1.0	1.0	1.0	1.0	1.0	1.0	1.0	1.0	1.0	1.0
k__Bacteria;p__Proteobacteria;c__Gammaproteobacteria;o__Pasteurellales;f__Pasteurellaceae;__;__	1.0	1.0	1.0	2.0	29.0	1.0	1.0	1.0	1.0	4.0	1.0	1.0	1.0	1.0	1.0
k__Bacteria;p__Proteobacteria;c__Gammaproteobacteria;o__Pasteurellales;f__Pasteurellaceae;g__Actinobacillus;__	1.0	1.0	1.0	1.0	4.0	1.0	1.0	1.0	1.0	2.0	1.0	1.0	1.0	1.0	1.0
k__Bacteria;p__Proteobacteria;c__Gammaproteobacteria;o__Pasteurellales;f__Pasteurellaceae;g__Actinobacillus;s__parahaemolyticus	1.0	1.0	1.0	2.0	146.0	1.0	1.0	1.0	1.0	230.0	1.0	1.0	1.0	1.0	25.0
k__Bacteria;p__Proteobacteria;c__Gammaproteobacteria;o__Pasteurellales;f__Pasteurellaceae;g__Aggregatibacter;s__segnis	1.0	1.0	1.0	31.0	251.0	1.0	1.0	1.0	1.0	1.0	1.0	1.0	1.0	1.0	122.0
k__Bacteria;p__Proteobacteria;c__Gammaproteobacteria;o__Pasteurellales;f__Pasteurellaceae;g__Haemophilus;__	1.0	1.0	1.0	1.0	82.0	1.0	1.0	1.0	1.0	66.0	1.0	1.0	1.0	1.0	22.0
k__Bacteria;p__Proteobacteria;c__Gammaproteobacteria;o__Pasteurellales;f__Pasteurellaceae;g__Haemophilus;s__	1.0	1.0	1.0	30.0	88.0	1.0	1.0	1.0	1.0	82.0	1.0	1.0	1.0	1.0	1.0
k__Bacteria;p__Proteobacteria;c__Gammaproteobacteria;o__Pasteurellales;f__Pasteurellaceae;g__Haemophilus;s__influenzae	1.0	1.0	1.0	1.0	32.0	1.0	1.0	1.0	1.0	1.0	1.0	1.0	1.0	1.0	92.0
k__Bacteria;p__Proteobacteria;c__Gammaproteobacteria;o__Pasteurellales;f__Pasteurellaceae;g__Haemophilus;s__parainfluenzae	1.0	6.5	33.0	125.5	273.0	1.0	1.0	1.0	5.0	172.0	1.0	1.0	12.5	87.5	220.0
k__Bacteria;p__Proteobacteria;c__Gammaproteobacteria;o__Pasteurellales;f__Pasteurellaceae;g__Mannheimia;s__	1.0	1.0	1.0	1.0	35.0	1.0	1.0	1.0	1.0	1.0	1.0	1.0	1.0	1.0	1.0
k__Bacteria;p__Proteobacteria;c__Gammaproteobacteria;o__Pseudomonadales;f__Moraxellaceae;g__Acinetobacter;__	1.0	1.0	1.0	1.0	53.0	1.0	1.0	1.0	1.0	1.0	1.0	1.0	1.0	1.0	1.0
k__Bacteria;p__Proteobacteria;c__Gammaproteobacteria;o__Pseudomonadales;f__Moraxellaceae;g__Acinetobacter;s__schindleri	1.0	1.0	1.0	1.0	1.0	1.0	1.0	1.0	1.0	3.0	1.0	1.0	1.0	1.0	1.0
k__Bacteria;p__Proteobacteria;c__Gammaproteobacteria;o__Pseudomonadales;f__Pseudomonadaceae;__;__	1.0	1.0	1.0	1.0	80.0	1.0	1.0	1.0	1.0	1.0	1.0	1.0	1.0	1.0	1.0
k__Bacteria;p__Proteobacteria;c__Gammaproteobacteria;o__Vibrionales;f__Pseudoalteromonadaceae;g__Vibrio;s__cholerae	1.0	1.0	1.0	1.0	72.0	1.0	1.0	1.0	1.0	1.0	1.0	1.0	1.0	1.0	1.0
k__Bacteria;p__SR1;c__;o__;f__;g__;s__	1.0	1.0	1.0	1.0	18.0	1.0	1.0	1.0	1.0	1.0	1.0	1.0	1.0	1.0	1.0
k__Bacteria;p__Spirochaetes;c__[Brachyspirae];o__[Brachyspirales];f__Brachyspiraceae;g__Brachyspira;s__	1.0	1.0	1.0	1.0	1.0	1.0	1.0	1.0	1.0	228.0	1.0	1.0	1.0	28.25	92.0
k__Bacteria;p__Synergistetes;c__Synergistia;o__Synergistales;f__Dethiosulfovibrionaceae;g__Pyramidobacter;s__piscolens	1.0	1.0	1.0	1.0	10.0	1.0	1.0	1.0	1.0	1.0	1.0	1.0	1.0	1.0	1.0
k__Bacteria;p__TM7;c__TM7-3;o__;f__;g__;s__	1.0	1.0	1.0	9.0	58.0	1.0	1.0	1.0	1.0	5.0	1.0	1.0	1.0	1.0	56.0
k__Bacteria;p__TM7;c__TM7-3;o__CW040;f__;g__;s__	1.0	1.0	1.0	1.0	62.0	1.0	1.0	1.0	1.0	14.0	1.0	1.0	1.0	1.0	1.0
k__Bacteria;p__Tenericutes;c__Mollicutes;o__Anaeroplasmatales;f__Anaeroplasmataceae;g__;s__	1.0	1.0	1.0	1.0	1.0	1.0	1.0	1.0	1.0	3.0	1.0	1.0	1.0	1.0	22.0
k__Bacteria;p__Tenericutes;c__Mollicutes;o__Mycoplasmatales;f__Mycoplasmataceae;g__;s__	1.0	1.0	1.0	1.0	1.0	1.0	1.0	1.0	1.0	118.0	1.0	1.0	1.0	1.0	50.0
k__Bacteria;p__Tenericutes;c__Mollicutes;o__RF39;f__;g__;s__	1.0	1.0	1.0	1.0	26.0	1.0	1.0	1.0	1.0	1.0	1.0	1.0	1.0	1.0	44.0
k__Bacteria;p__Tenericutes;c__RF3;o__ML615J-28;f__;g__;s__	1.0	1.0	1.0	1.0	1.0	1.0	1.0	1.0	1.0	1.0	1.0	1.0	1.0	1.0	7.0
k__Bacteria;p__Verrucomicrobia;c__Verrucomicrobiae;o__Verrucomicrobiales;f__Verrucomicrobiaceae;g__Akkermansia;s__muciniphila	1.0	1.0	1.0	1.0	37.0	1.0	1.0	1.0	1.0	1.0	1.0	1.0	1.0	1.0	15.0
